{"cameraMode":{"drawMode":0,"name":"Shaded","section":"Shading Mode"},"sceneLighting":true,"audioPlay":false,"sceneViewState":{"showFog":false,"showMaterialUpdate":false,"showSkybox":false,"showFlares":false,"showImageEffects":false,"showParticleSystems":false},"in2DMode":false,"pivot":{"x":-22.786157608032228,"y":3.6198313236236574,"z":-0.6823196411132813},"rotation":{"x":-0.0015027414774522186,"y":0.02699533849954605,"z":-0.00004056682519149035,"w":-0.9996345043182373},"size":16.189226150512697,"orthographic":false}